-0.151125341654,-0.0111067276448,0.0338519886136,0.0356722921133,-0.00304917781614,0.0729552283883,0.109910652041,-0.0437633357942,0.0539786145091,-0.163118779659,-0.123178228736,-0.387429326773,-0.496045321226,0.192333608866,0.00141573441215,0.0027750977315
-0.151125341654,-0.0111067313701,0.0338519848883,0.035672288388,-0.00304918084294,0.0729552209377,0.109910644591,-0.0437633432448,0.053978536278,-0.163118779659,-0.123178228736,-0.387429326773,-0.496045321226,0.192333608866,0.00141573441215,0.0027750977315
-0.151125341654,-0.0111067304388,0.0338519886136,0.0356722921133,-0.00304918061011,0.0729552209377,0.109910644591,-0.0437633432448,0.053978536278,-0.163118779659,-0.123178228736,-0.387429326773,-0.496045321226,0.192333608866,0.00141573441215,0.0027750977315
-0.151125341654,-0.0111067304388,0.0338519886136,0.0356722921133,-0.00304918061011,0.0729552209377,0.109910644591,-0.0437633432448,0.053978536278,-0.163118779659,-0.123178228736,-0.387429326773,-0.496045321226,0.192333608866,0.00141573441215,0.0027750977315
-0.151125341654,-0.0111067332327,0.0338519848883,0.035672288388,-0.00304918340407,0.0729552209377,0.109910644591,-0.0437633469701,0.0539784692228,-0.163118779659,-0.123178236187,-0.387429326773,-0.496045321226,0.192333608866,0.00141573429573,0.00277509749867
-0.151125341654,-0.0111067295074,0.0338519886136,0.0356722921133,-0.00304917991161,0.0729552209377,0.109910644591,-0.0437633395195,0.0539785400033,-0.163118779659,-0.123178228736,-0.387429326773,-0.496045321226,0.192333608866,0.00141573441215,0.0027750977315
-0.151125341654,-0.0111067304388,0.0338519886136,0.0356722921133,-0.00304918014444,0.0729552209377,0.109910644591,-0.0437633395195,0.053978536278,-0.163118779659,-0.123178228736,-0.387429326773,-0.496045321226,0.192333608866,0.00141573441215,0.0027750977315
-0.151125341654,-0.0111067323014,0.0338519848883,0.035672288388,-0.00304918270558,0.0729552209377,0.109910644591,-0.0437633469701,0.0539784729481,-0.163118779659,-0.123178236187,-0.387429326773,-0.496045321226,0.192333608866,0.00141573429573,0.0027750977315
-0.151125341654,-0.0111067323014,0.0338519848883,0.035672288388,-0.00304918270558,0.0729552209377,0.109910644591,-0.0437633469701,0.0539784729481,-0.163118779659,-0.123178236187,-0.387429326773,-0.496045321226,0.192333608866,0.00141573429573,0.0027750977315
-0.151125341654,-0.0111067341641,0.0338519848883,0.035672288388,-0.00304918317124,0.0729552209377,0.109910644591,-0.0437633469701,0.0539784692228,-0.163118779659,-0.12317828089,-0.387429326773,-0.496045321226,0.192333608866,0.00141573429573,0.00277509726584
-0.151125341654,-0.0111067341641,0.0338519848883,0.035672288388,-0.00304918317124,0.0729552209377,0.109910644591,-0.0437633469701,0.0539784692228,-0.163118779659,-0.12317828089,-0.387429326773,-0.496045321226,0.192333608866,0.00141573429573,0.00277509726584
-0.151125341654,-0.0111067341641,0.0338519848883,0.035672288388,-0.00304918317124,0.0729552209377,0.109910644591,-0.0437633469701,0.0539784692228,-0.163118779659,-0.12317828089,-0.387429326773,-0.496045321226,0.192333608866,0.00141573429573,0.00277509726584
-0.151125341654,-0.0111067341641,0.0338519848883,0.035672288388,-0.00304918317124,0.0729552209377,0.109910644591,-0.0437633469701,0.0539784692228,-0.163118779659,-0.12317828089,-0.387429326773,-0.496045321226,0.192333608866,0.00141573429573,0.00277509726584
-0.151125341654,-0.0111067341641,0.0338519848883,0.035672288388,-0.00304918317124,0.0729552209377,0.109910644591,-0.0437633469701,0.0539784692228,-0.163118779659,-0.12317828089,-0.387429326773,-0.496045321226,0.192333608866,0.00141573429573,0.00277509726584
-0.151125341654,-0.0111067341641,0.0338519848883,0.035672288388,-0.00304918317124,0.0729552209377,0.109910644591,-0.0437633469701,0.0539784692228,-0.163118779659,-0.12317828089,-0.387429326773,-0.496045321226,0.192333608866,0.00141573429573,0.00277509726584
-0.151125341654,-0.0111067341641,0.0338519848883,0.035672288388,-0.00304918317124,0.0729552209377,0.109910644591,-0.0437633469701,0.0539784692228,-0.163118779659,-0.12317828089,-0.387429326773,-0.496045321226,0.192333608866,0.00141573429573,0.00277509726584
-0.151125341654,-0.0111067341641,0.0338519848883,0.035672288388,-0.00304918317124,0.0729552209377,0.109910644591,-0.0437633469701,0.0539784692228,-0.163118779659,-0.12317828089,-0.387429326773,-0.496045321226,0.192333608866,0.00141573429573,0.00277509726584
-0.151125341654,-0.0111067388207,0.0338519774377,0.0356722772121,-0.00304919062182,0.0729551315308,0.109910622239,-0.0437633506954,0.0539784654975,-0.163118779659,-0.12317828089,-0.387429326773,-0.496045321226,0.192333608866,0.00141573429573,0.00277509726584
-0.151125356555,-0.011106742546,0.0338519737124,0.0356722734869,-0.00304919644259,0.0729550793767,0.109910607338,-0.0437633544207,0.0539784617722,-0.163118779659,-0.12317828089,-0.387429326773,-0.496045321226,0.192333608866,0.00141573429573,0.00277509703301
-0.151125356555,-0.0111067481339,0.0338519662619,0.035672262311,-0.00304920435883,0.0729550048709,0.109910584986,-0.0437633618712,0.0539784543216,-0.163118779659,-0.12317828089,-0.387429326773,-0.496045321226,0.192333608866,0.00141573429573,0.00277509703301
-0.151125356555,-0.0111067481339,0.0338519662619,0.035672262311,-0.003049204126,0.0729550048709,0.109910584986,-0.0437633618712,0.0539784580469,-0.163118779659,-0.12317828089,-0.387429326773,-0.496045321226,0.192333608866,0.00141573429573,0.00277509703301
-0.151125356555,-0.0111067481339,0.0338519662619,0.035672262311,-0.003049204126,0.0729550048709,0.109910584986,-0.0437633618712,0.0539784580469,-0.163118779659,-0.12317828089,-0.387429326773,-0.496045321226,0.192333608866,0.00141573429573,0.00277509703301
-0.151125371456,-0.0111067481339,0.0338519662619,0.035672262311,-0.00304920435883,0.0729550048709,0.109910584986,-0.0437633618712,0.0539784543216,-0.163118779659,-0.12317828089,-0.387429326773,-0.496045321226,0.192333608866,0.00141573429573,0.00277509703301
-0.151125371456,-0.0111067490652,0.0338519662619,0.035672262311,-0.00304920482449,0.0729550048709,0.109910584986,-0.0437633655965,0.0539784543216,-0.163118779659,-0.12317828089,-0.387429326773,-0.496045321226,0.192333608866,0.00141573429573,0.00277509703301
-0.151125371456,-0.0111067490652,0.0338519662619,0.035672262311,-0.00304920482449,0.0729550048709,0.109910584986,-0.0437633655965,0.0539784543216,-0.163118779659,-0.12317828089,-0.387429326773,-0.496045321226,0.192333608866,0.00141573429573,0.00277509703301
-0.151125386357,-0.0111067499965,0.0338519662619,0.035672262311,-0.00304920505732,0.0729550048709,0.109910584986,-0.0437633655965,0.0539784543216,-0.163118779659,-0.12317828089,-0.387429326773,-0.496045321226,0.192333608866,0.00141573429573,0.00277509703301
-0.151125386357,-0.0111067499965,0.0338519662619,0.035672262311,-0.00304920505732,0.0729550048709,0.109910584986,-0.0437633655965,0.0539784543216,-0.163118779659,-0.12317828089,-0.387429326773,-0.496045321226,0.192333608866,0.00141573429573,0.00277509703301
-0.151125386357,-0.0111067499965,0.0338519662619,0.035672262311,-0.00304920552298,0.0729550048709,0.109910584986,-0.0437633730471,0.0539784543216,-0.163118779659,-0.12317828089,-0.387429326773,-0.496045321226,0.192333608866,0.00141573429573,0.00277509703301
-0.151125401258,-0.0111067518592,0.0338519625366,0.035672262311,-0.00304920598865,0.0729550048709,0.109910584986,-0.0437633730471,0.0539784505963,-0.16311879456,-0.12317828089,-0.387429326773,-0.496045321226,0.192333608866,0.00141573429573,0.00277509680018
-0.151125401258,-0.0111067546532,0.0338519625366,0.0356722585857,-0.00304920691997,0.0729550048709,0.109910584986,-0.0437633767724,0.0539784505963,-0.16311879456,-0.123178288341,-0.387429356575,-0.496045321226,0.192333608866,0.00141573429573,0.00277509656735
-0.151125401258,-0.0111067537218,0.0338519625366,0.0356722585857,-0.00304920691997,0.0729550048709,0.109910584986,-0.0437633767724,0.0539784505963,-0.16311879456,-0.123178288341,-0.387429356575,-0.496045321226,0.192333608866,0.00141573429573,0.00277509656735
-0.151125401258,-0.0111067537218,0.0338519625366,0.0356722585857,-0.00304920691997,0.0729550048709,0.109910584986,-0.0437633767724,0.0539784505963,-0.16311879456,-0.123178288341,-0.387429356575,-0.496045321226,0.192333608866,0.00141573429573,0.00277509656735
-0.151125401258,-0.0111067537218,0.0338519625366,0.0356722585857,-0.00304920691997,0.0729550048709,0.109910584986,-0.0437633767724,0.0539784505963,-0.16311879456,-0.123178288341,-0.387429356575,-0.496045321226,0.192333608866,0.00141573429573,0.00277509656735
-0.151125401258,-0.0111067546532,0.0338519625366,0.0356722585857,-0.0030492071528,0.0729550048709,0.109910584986,-0.0437633767724,0.0539784505963,-0.163118809462,-0.123178288341,-0.387429356575,-0.496045321226,0.192333608866,0.00141573417932,0.00277509633452
-0.151125401258,-0.0111067565158,0.0338519588113,0.0356722585857,-0.00304920761846,0.0729550048709,0.109910584986,-0.0437633767724,0.0539784505963,-0.163118854165,-0.123178288341,-0.387429386377,-0.496045321226,0.192333608866,0.00141573417932,0.00277509610169
-0.151125401258,-0.0111067574471,0.0338519588113,0.0356722585857,-0.00304920785129,0.0729549974203,0.109910584986,-0.0437633767724,0.053978446871,-0.163118883967,-0.123178295791,-0.387429386377,-0.496045321226,0.192333608866,0.00141573417932,0.00277509586886
-0.15112541616,-0.0111067583784,0.0338519588113,0.0356722585857,-0.00304920831695,0.0729549974203,0.109910584986,-0.0437633804977,0.053978446871,-0.16311891377,-0.123178295791,-0.387429386377,-0.496045321226,0.192333608866,0.00141573417932,0.00277509563603
-0.15112541616,-0.0111067583784,0.0338519588113,0.0356722585857,-0.00304920831695,0.0729549974203,0.109910584986,-0.0437633804977,0.053978446871,-0.16311891377,-0.123178295791,-0.387429386377,-0.496045321226,0.192333608866,0.00141573231667,0.00277503742836
-0.15112541616,-0.0111067583784,0.0338519588113,0.0356722585857,-0.00304920831695,0.0729549974203,0.109910584986,-0.0437633804977,0.053978446871,-0.16311891377,-0.123178295791,-0.387429386377,-0.496045321226,0.192333608866,0.00141573231667,0.00277503766119
-0.151125401258,-0.0111067611724,0.033851955086,0.0356722585857,-0.00304920901544,0.0729550048709,0.109910584986,-0.043763384223,0.053978446871,-0.16311891377,-0.123178347945,-0.38742941618,-0.496045321226,0.192333608866,0.00141572952271,0.00277494965121
-0.15112541616,-0.0111067648977,0.0338519513607,0.0356722548604,-0.00304920994677,0.0729550048709,0.109910584986,-0.0437633879483,0.0539784431458,-0.163118928671,-0.123178422451,-0.38742941618,-0.496045321226,0.192333608866,0.00141572789289,0.00277490005828
-0.15112541616,-0.0111067695543,0.0338519476354,0.0356722436845,-0.00304924766533,0.0729550048709,0.109910577536,-0.0437633916736,0.0539784431458,-0.163118943572,-0.123178482056,-0.38742941618,-0.496045321226,0.192333608866,0.00141572696157,0.00277487118728
-0.15112541616,-0.0111067723483,0.0338519476354,0.0356722287834,-0.00304930889979,0.0729549974203,0.109910577536,-0.0437633916736,0.0539784394205,-0.163118943572,-0.123178482056,-0.38742941618,-0.496045321226,0.192333608866,0.00141572603025,0.00277484208345
-0.15112541616,-0.0111067742109,0.0338519439101,0.0356722138822,-0.00304934754968,0.0729549899697,0.109910570085,-0.0437633953989,0.0539784394205,-0.163118943572,-0.123178489506,-0.387429445982,-0.496045321226,0.192333608866,0.00141572358552,0.00277476431802
-0.15112541616,-0.0111067742109,0.0338519439101,0.0356722213328,-0.00304933311418,0.0729549974203,0.109910570085,-0.0437633953989,0.0539784394205,-0.163118943572,-0.123178489506,-0.387429445982,-0.496045321226,0.192333608866,0.00141572277062,0.00277473544702
-0.15112541616,-0.0111067742109,0.0338519439101,0.0356722213328,-0.00304933357984,0.0729549974203,0.109910570085,-0.0437633953989,0.0539784356952,-0.163118943572,-0.123178489506,-0.387429445982,-0.496045321226,0.192333608866,0.00141572277062,0.00277473544702
-0.15112541616,-0.0111067742109,0.0338519439101,0.0356722213328,-0.00304933357984,0.0729549974203,0.109910570085,-0.0437633953989,0.0539784356952,-0.163118943572,-0.123178489506,-0.387429445982,-0.496045321226,0.192333608866,0.00141572277062,0.00277473544702
-0.15112541616,-0.0111067742109,0.0338519439101,0.0356722213328,-0.00304933357984,0.0729549974203,0.109910570085,-0.0437633953989,0.0539784356952,-0.163118943572,-0.123178489506,-0.387429445982,-0.496045321226,0.192333608866,0.00141572277062,0.00277473544702
-0.15112541616,-0.0111067742109,0.0338519439101,0.0356722213328,-0.00304933357984,0.0729549974203,0.109910570085,-0.0437633953989,0.0539784356952,-0.163118943572,-0.123178489506,-0.387429445982,-0.496045321226,0.192333608866,0.00141572277062,0.00277473544702
-0.151125431061,-0.0111067751423,0.0338519439101,0.0356722213328,-0.00304933381267,0.0729549974203,0.109910570085,-0.0437633991241,0.0539784356952,-0.163118943572,-0.123178489506,-0.387429445982,-0.496045321226,0.192333608866,0.00141570833512,0.00277473474853
-0.151125431061,-0.0111067751423,0.0338519439101,0.0356722213328,-0.00304933381267,0.0729549974203,0.109910570085,-0.0437633991241,0.0539784356952,-0.163118943572,-0.123178489506,-0.387429445982,-0.496045321226,0.192333608866,0.00141569401603,0.00277473428287
-0.151125460863,-0.0111067807302,0.0338519364595,0.0356722176075,-0.00304933730513,0.0729549974203,0.109910570085,-0.0437634661794,0.0539784282446,-0.163118943572,-0.123178489506,-0.387429445982,-0.496045321226,0.192333608866,0.00141566724051,0.00277473311871
-0.151125445962,-0.0111067807302,0.0338519364595,0.0356722176075,-0.00304933777079,0.0729549974203,0.109910570085,-0.0437634922564,0.0539784245193,-0.163118943572,-0.123178489506,-0.387429445982,-0.496045321226,0.192333608866,0.00141563860234,0.00277473218739
-0.151125445962,-0.0111067788675,0.0338519401848,0.0356722213328,-0.00304933381267,0.0729550272226,0.109910577536,-0.0437634885311,0.0539784245193,-0.163118943572,-0.123178489506,-0.387429445982,-0.496045321226,0.192333608866,0.00141560984775,0.00277473102324
-0.151125460863,-0.0111067760736,0.0338519439101,0.0356722287834,-0.00304932869039,0.0729550868273,0.109910599887,-0.0437634885311,0.0539784282446,-0.163118943572,-0.123178489506,-0.387429445982,-0.496045321226,0.192333608866,0.00141558318865,0.00277473009191
-0.151125460863,-0.0111067704856,0.0338519476354,0.0356722399592,-0.00304931961,0.0729551687837,0.109910614789,-0.0437634848058,0.0539784356952,-0.163118943572,-0.123178489506,-0.387429445982,-0.496045321226,0.192333608866,0.00141555443406,0.00277472916059
-0.151125460863,-0.011106768623,0.0338519513607,0.0356722436845,-0.00304931588471,0.0729552060366,0.10991062969,-0.0437634810805,0.0539784356952,-0.163118943572,-0.123178489506,-0.387429445982,-0.496045321226,0.192333608866,0.00141552777495,0.00277472822927
-0.151125460863,-0.011106768623,0.0338519513607,0.0356722436845,-0.00304931611754,0.0729552060366,0.10991062969,-0.0437634810805,0.0539784356952,-0.163118943572,-0.123178489506,-0.387429445982,-0.496045321226,0.192333608866,0.00141551345587,0.00277472753078
-0.151125460863,-0.0111067695543,0.0338519513607,0.0356722399592,-0.0030493165832,0.072955198586,0.10991062969,-0.0437634848058,0.0539784356952,-0.163118943572,-0.123178489506,-0.387429445982,-0.496045321226,0.192333608866,0.00141548470128,0.00277472659945
-0.151125460863,-0.0111067695543,0.0338519513607,0.0356722399592,-0.0030493165832,0.072955198586,0.10991062969,-0.0437634848058,0.0539784356952,-0.163118943572,-0.123178489506,-0.387429445982,-0.496045321226,0.192333608866,0.00141545804217,0.00277472566813
-0.151125460863,-0.0111067695543,0.0338519513607,0.0356722436845,-0.00304931635037,0.072955198586,0.10991062969,-0.0437634848058,0.0539784356952,-0.163118943572,-0.123178474605,-0.387429445982,-0.496045321226,0.192333608866,0.00141542928759,0.00277472450398
-0.151125460863,-0.0111067695543,0.0338519513607,0.0356722436845,-0.00304931635037,0.072955198586,0.10991062969,-0.0437634848058,0.0539784356952,-0.163118943572,-0.123178474605,-0.387429445982,-0.496045321226,0.192333608866,0.00141540262848,0.00277472333983
-0.151125460863,-0.0111067695543,0.0338519513607,0.0356722436845,-0.0030493165832,0.072955198586,0.10991062969,-0.0437634848058,0.0539784356952,-0.163118943572,-0.123178474605,-0.387429445982,-0.496045321226,0.192333608866,0.0014153738739,0.0027747224085
-0.17030018568,-0.0131154283881,0.033399887383,0.0354681871831,-0.00463875615969,0.0759061649442,0.113657109439,-0.040913425386,0.162103489041,-0.168114617467,-0.124684289098,-0.39206251502,-0.497688412666,0.192415371537,0.00139778025914,0.00273397634737
-0.170664295554,-0.00928059127182,0.0372607670724,0.0401735305786,8.21973662823e-05,0.0814624577761,0.118574663997,-0.0327619574964,0.237406179309,-0.167396485806,-0.124023906887,-0.392006754875,-0.497985124588,0.192496225238,0.00140124000609,0.00281292805448
-0.171018779278,-0.00687032798305,0.0399350896478,0.043555945158,0.00350758363493,0.0855937674642,0.122270584106,-0.0271775312722,0.283117353916,-0.167011335492,-0.123818904161,-0.392041951418,-0.498227119446,0.192565187812,0.0014046987053,0.00286713964306
-0.171413883567,-0.00474485196173,0.0424668006599,0.0468382947147,0.00680160382763,0.0895899832249,0.125937268138,-0.0221916362643,0.322170853615,-0.166730478406,-0.123803891242,-0.392116695642,-0.49848151207,0.1926368922,0.00140849186573,0.00291457516141
-0.171835780144,-0.00258972332813,0.0451344400644,0.0503432042897,0.0102573502809,0.0937542691827,0.129875138402,-0.0173680409789,0.362637281418,-0.166484355927,-0.123882196844,-0.392208307981,-0.498762458563,0.192714616656,0.00141287664883,0.00295953010209
-0.172248631716,-0.000241043075221,0.0480841249228,0.0542385131121,0.0140307415277,0.0982414633036,0.134241119027,-0.0125115932897,0.408256977797,-0.166227146983,-0.12397929281,-0.39229953289,-0.499074220657,0.192801371217,0.00141828251071,0.00300525058992
-0.17260441184,0.00239261100069,0.0513952486217,0.0586156286299,0.0182104408741,0.103134289384,0.139118760824,-0.00753469346091,0.460976779461,-0.165926620364,-0.124032534659,-0.392376154661,-0.499416172504,0.19289945066,0.00142523634713,0.00305432849564
-0.172852784395,0.00536085478961,0.0551072172821,0.0635198131204,0.0228448454291,0.108473196626,0.144547060132,-0.0024071841035,0.521957039833,-0.165559917688,-0.123989455402,-0.392426729202,-0.499785453081,0.193010568619,0.0014343027724,0.00310876662843
-0.172944158316,0.00868850201368,0.059234816581,0.0689680427313,0.0279581509531,0.114273190498,0.150536894798,0.00286994921044,0.592086195946,-0.165110573173,-0.123807825148,-0.392441809177,-0.500177145004,0.193136230111,0.00144603836816,0.0031700397376
-0.172829270363,0.0123851615936,0.0637771263719,0.0749589204788,0.0335591994226,0.120533592999,0.157080799341,0.00827900879085,0.672283470631,-0.164566650987,-0.123456418514,-0.392413556576,-0.50058555603,0.193277567625,0.00146104302257,0.00323951384053
-0.172460079193,0.0164499338716,0.0687225833535,0.0814777910709,0.0396454706788,0.127242594957,0.164157733321,0.0137933855876,0.763733506203,-0.163919970393,-0.122915782034,-0.392335861921,-0.501004576683,0.193435892463,0.00148003816139,0.00331836449914
-0.171790450811,0.0208748839796,0.0740517303348,0.0885009169579,0.0462070703506,0.134380415082,0.17173653841,0.0193816032261,0.868154704571,-0.163164839149,-0.122178435326,-0.392203837633,-0.501427292824,0.193611904979,0.00150363089051,0.00340759451501
-0.171329319477,0.0232183523476,0.0768525749445,0.0921919718385,0.0496611371636,0.138102114201,0.175702169538,0.0221931152046,0.926008045673,-0.162745565176,-0.121736891568,-0.392116308212,-0.501637995243,0.193706944585,0.00151737174019,0.00345639977604
-0.170128986239,0.0281559452415,0.0827079117298,0.0999097973108,0.0569020323455,0.145831301808,0.183957621455,0.0278291031718,1.05536055565,-0.161822274327,-0.120716184378,-0.391896247864,-0.502053141594,0.193911448121,0.00154926779214,0.00356286833994
-0.168527051806,0.0334096029401,0.0888703167439,0.108040750027,0.0645645409822,0.153912454844,0.192604139447,0.0334543846548,1.20789861679,-0.160785868764,-0.119529500604,-0.39161491394,-0.502454161644,0.194135993719,0.00158768892288,0.00368189322762
-0.166491657495,0.038949329406,0.0952852666378,0.116537414491,0.0726161748171,0.162305444479,0.20158688724,0.0390351563692,1.39359784126,-0.1596378088,-0.118205189705,-0.391271322966,-0.502833604813,0.194381505251,0.00163345749024,0.00381411425769
-0.163997069001,0.0447353646159,0.101894326508,0.125346884131,0.0810185149312,0.170964851975,0.210842013359,0.0445383600891,1.63086688519,-0.158381193876,-0.116777449846,-0.390865653753,-0.503184199333,0.194648757577,0.00168748677243,0.0039602573961
-0.161024436355,0.0507240816951,0.108636982739,0.134406164289,0.0897252336144,0.179839402437,0.220294550061,0.0499323196709,1.95351338387,-0.157020226121,-0.11528390646,-0.390398621559,-0.503498375416,0.194938629866,0.00175069889519,0.00412101205438
-0.157562553883,0.0568689070642,0.115452222526,0.14363707602,0.0986735448241,0.188873633742,0.229867786169,0.0551870018244,2.40983891487,-0.155560299754,-0.113762140274,-0.389871150255,-0.50376868248,0.19525192678,0.00182412890717,0.00429714750499
-0.153607338667,0.0631219148636,0.122281104326,0.152959495783,0.107795797288,0.198009341955,0.239484652877,0.0602757111192,2.99461388588,-0.154007256031,-0.112247541547,-0.389284312725,-0.503987550735,0.195589482784,0.00190876738634,0.00448931241408
-0.149162590504,0.0694347843528,0.129066824913,0.162292078137,0.117020949721,0.207180127501,0.249068513513,0.0651750639081,-2.72696423531,-0.152367293835,-0.110770054162,-0.388638913631,-0.504147350788,0.19595207274,0.00200568162836,0.00469837523997
-0.144240006804,0.0757592767477,0.135755807161,0.171555265784,0.1262768507,0.216318070889,0.258545070887,0.0698651075363,-2.29762887955,-0.150646939874,-0.109353132546,-0.387935221195,-0.504240572453,0.196340575814,0.00211611529812,0.0049250186421
-0.138859793544,0.082047842443,0.14229811728,0.180672571063,0.135491743684,0.225355565548,0.267843008041,0.0743264108896,-1.97392106056,-0.14885263145,-0.108010999858,-0.387173324823,-0.50425952673,0.196755751967,0.00224112905562,0.00517022795975
-0.133050188422,0.0882541388273,0.148647293448,0.18957093358,0.144594535232,0.234226480126,0.276895225048,0.0785435438156,-1.70984733105,-0.14699074626,-0.106748610735,-0.386352300644,-0.504196405411,0.19719837606,0.00238202395849,0.00543499458581
-0.126847267151,0.0943331643939,0.154760852456,0.198182329535,0.15351575613,0.242866739631,0.285638660192,0.0825057774782,-1.47728121281,-0.145067408681,-0.105561517179,-0.385470807552,-0.504043757915,0.197669252753,0.00254009314813,0.00572033924982
-0.123611688614,0.0973113700747,0.157717093825,0.20236043632,0.15788705647,0.247081145644,0.289876163006,0.0843892842531,-1.36774802208,-0.144084557891,-0.104992233217,-0.385006815195,-0.50393140316,0.197915509343,0.00262591871433,0.0058710668236
-0.116902843118,0.103118576109,0.163405522704,0.21042355895,0.166409090161,0.255260556936,0.298047244549,0.0879610702395,-1.1561870575,-0.1420802176,-0.103890143335,-0.384030759335,-0.503630101681,0.198430255055,0.00281216390431,0.00618949485943
-0.109922118485,0.108693763614,0.168768510222,0.218050628901,0.174583777785,0.263060450554,0.305770635605,0.0912797749043,-0.949631214142,-0.140028879046,-0.102815531194,-0.382988333702,-0.503220617771,0.19897505641,0.00301893008873,0.00653180433437
-0.102730296552,0.113998614252,0.173776313663,0.225190922618,0.182349145412,0.270426541567,0.312998384237,0.0943567603827,-0.744059085846,-0.137936189771,-0.101739056408,-0.381876558065,-0.502695858479,0.19955059886,0.00324763730168,0.00689895031974
-0.095395796001,0.118997462094,0.178403496742,0.2317994982,0.189646020532,0.27730807662,0.319687485695,0.0972071811557,-0.536718010902,-0.135808259249,-0.100629553199,-0.380692690611,-0.502049267292,0.200157672167,0.0034996913746,0.00729249697179
-0.0879927948117,0.123656652868,0.18262796104,0.237836554646,0.196418821812,0.283658087254,0.325799435377,0.0998477712274,-0.325457721949,-0.133651509881,-0.0994561091065,-0.379434227943,-0.501274764538,0.200796678662,0.00377661315724,0.00771392788738
-0.0806005969644,0.127945616841,0.186430737376,0.243267953396,0.202615499496,0.289433211088,0.331300228834,0.102293886244,-0.108277529478,-0.131473258138,-0.0981908738613,-0.378099262714,-0.500367045403,0.201468259096,0.00407989695668,0.00816450733691
-0.0733029842377,0.131835326552,0.189795747399,0.248064354062,0.208187937737,0.294593632221,0.336159855127,0.104556292295,0.117106452584,-0.129281848669,-0.096811555326,-0.376686692238,-0.49932128191,0.202172741294,0.00441098213196,0.00864556338638
-0.0661864131689,0.135299608111,0.192709609866,0.252201884985,0.213092550635,0.299104064703,0.340353310108,0.10664396733,0.35389021039,-0.127086833119,-0.0953036919236,-0.375196278095,-0.498133808374,0.202910497785,0.00477144028991,0.00915850047022
-0.0593385025859,0.138315349817,0.195161819458,0.255661427975,0.217291146517,0.302933424711,0.343860089779,0.108562968671,0.607424795628,-0.124898850918,-0.0936617776752,-0.373628944159,-0.496801614761,0.203681722283,0.00516276992857,0.00970438495278
-0.0528467483819,0.140862196684,0.197143897414,0.258428812027,0.220751658082,0.306055158377,0.346663862467,0.110316030681,0.88828843832,-0.122729830444,-0.0918904840946,-0.371986836195,-0.495322912931,0.204486444592,0.00558644765988,0.0102844359353
-0.0467967987061,0.142923310399,0.198649942875,0.260494351387,0.223448395729,0.308447569609,0.348752647638,0.111902356148,1.22150790691,-0.120593048632,-0.0900043845177,-0.370273351669,-0.493696928024,0.205324709415,0.00604397896677,0.0108994441107
-0.0439633876085,0.143767267466,0.199223354459,0.261262118816,0.224504202604,0.309364885092,0.349526405334,0.112631812692,1.42648398876,-0.11954113096,-0.0890256091952,-0.369391262531,-0.492828726768,0.205756291747,0.0062859156169,0.0112204756588
-0.0387283749878,0.14507509768,0.200009316206,0.262266069651,0.226021632552,0.310636311769,0.350530147552,0.113957956433,2.02015423775,-0.117479644716,-0.0870161727071,-0.36757978797,-0.490982800722,0.206644177437,0.00679696630687,0.011889571324
-0.0341273285449,0.14586904645,0.200313746929,0.262562841177,0.226743742824,0.311152845621,0.350808113813,0.115098334849,3.09561443329,-0.115487471223,-0.0849681571126,-0.365710377693,-0.488992661238,0.207564815879,0.00734547479078,0.0125956330448
-0.0302240047604,0.146143779159,0.200137481093,0.262157082558,0.226672038436,0.310913592577,0.350362509489,0.116037711501,-2.23209857941,-0.113580584526,-0.0829234644771,-0.363790094852,-0.486861377954,0.208517491817,0.00793277937919,0.0133390603587
-0.0270739775151,0.145896822214,0.199482887983,0.261055797338,0.225812420249,0.309921354055,0.349198251963,0.116756364703,-1.69870555401,-0.111775405705,-0.0809270739555,-0.361826986074,-0.484593391418,0.209501340985,0.00856024865061,0.0141202248633
-0.0247240196913,0.145128563046,0.198353171349,0.259267985821,0.224174782634,0.308182537556,0.347323268652,0.117230579257,-1.31479179859,-0.110088422894,-0.0790241733193,-0.359829545021,-0.482194215059,0.210515573621,0.00922906398773,0.0149394748732
-0.0232122223824,0.143842577934,0.196753442287,0.256804764271,0.221772253513,0.305706709623,0.344747960567,0.117428459227,-0.98203253746,-0.108536027372,-0.0772577375174,-0.357807099819,-0.479670524597,0.211558938026,0.0099404733628,0.015796681866
-0.0225677918643,0.142044961452,0.19468896091,0.253678739071,0.218620941043,0.302506566048,0.341485142708,0.117310412228,-0.668047308922,-0.107134200633,-0.0756656602025,-0.355769187212,-0.477030068636,0.212630078197,0.0106955524534,0.0166920945048
-0.0228099804372,0.13974454999,0.192166551948,0.249904111028,0.214740037918,0.298597812653,0.33754965663,0.116833843291,-0.358961045742,-0.105897970498,-0.074278652668,-0.353725701571,-0.474281877279,0.213727772236,0.0114953415468,0.0176254212856
-0.0239477735013,0.13695295155,0.189194127917,0.245496541262,0.210151329637,0.293999284506,0.332959055901,0.115954637527,-0.0465498566628,-0.104841046035,-0.0731188878417,-0.351686149836,-0.47143548727,0.214850127697,0.0123407579958,0.0185966584831
-0.0259798392653,0.133684054017,0.185780748725,0.24047344923,0.204879283905,0.288732379675,0.327732384205,0.114628344774,0.276781052351,-0.103975623846,-0.0721979364753,-0.349660098553,-0.46850168705,0.215995565057,0.0132325850427,0.0196052473038
-0.0288945864886,0.129954367876,0.181936636567,0.234853699803,0.198950886726,0.28282147646,0.321891099215,0.112812504172,0.622562587261,-0.103311784565,-0.0715174302459,-0.347656518221,-0.465492159128,0.217162132263,0.0141715947539,0.0206510536373
-0.0326704457402,0.125782310963,0.177673280239,0.228657782078,0.19239525497,0.276293158531,0.315458267927,0.110466785729,1.0173214674,-0.102857679129,-0.0710686966777,-0.3456838727,-0.462418913841,0.218347683549,0.0151583254337,0.0217336192727
-0.0348719805479,0.123536758125,0.175388142467,0.225350439548,0.188891887665,0.272806435823,0.312027692795,0.109083727002,1.25468492508,-0.102711118758,-0.0709258764982,-0.344711840153,-0.460862547159,0.218946933746,0.0156697351485,0.022288504988
-0.0398781597614,0.118740580976,0.170520350337,0.218332156539,0.181454867125,0.265407532454,0.304755032063,0.105879284441,1.96528255939,-0.102581724524,-0.0707890093327,-0.34280076623,-0.45771843195,0.220156937838,0.0167288705707,0.0234251189977
-0.0456488318741,0.113557234406,0.165267974138,0.210796117783,0.173472732306,0.257468283176,0.296956539154,0.102077893913,-2.89621448517,-0.102671720088,-0.0708259195089,-0.340939998627,-0.454544275999,0.221380352974,0.0178366191685,0.0245969258249
-0.0521296672523,0.108012221754,0.159648135304,0.202769517899,0.164983406663,0.249023631215,0.288661956787,0.0976685807109,-1.92420327663,-0.102980673313,-0.0710041150451,-0.339136362076,-0.451354473829,0.222614720464,0.0189931094646,0.0258032809943
-0.0592595636845,0.102131895721,0.153678849339,0.194281876087,0.156028404832,0.24011002481,0.279902517796,0.0926461145282,-1.39599764347,-0.103506043553,-0.0712896510959,-0.337396472692,-0.448163807392,0.223857492208,0.0201982092112,0.0270433034748
-0.0669720321894,0.0959436073899,0.147379651666,0.185364082456,0.146650373936,0.230765342712,0.270710796118,0.087010614574,-0.976618230343,-0.10424349457,-0.0716492831707,-0.335727065802,-0.444987863302,0.225106224418,0.0214517619461,0.0283158775419
-0.0751961022615,0.0894756391644,0.140771433711,0.176049277186,0.136892706156,0.221030548215,0.261121451855,0.0807680860162,-0.588917851448,-0.105186760426,-0.0720535069704,-0.334134995937,-0.441842496395,0.226358085871,0.022753322497,0.0296198669821
-0.0838570520282,0.082756921649,0.133876755834,0.166372433305,0.126799449325,0.210949212313,0.251171082258,0.0739310532808,-0.207269713283,-0.106328159571,-0.0724781453609,-0.332627087831,-0.438743799925,0.227610483766,0.0241022985429,0.0309539400041
-0.0928767174482,0.0758161023259,0.126718848944,0.156369850039,0.116413965821,0.200565353036,0.240897074342,0.0665182769299,0.183496102691,-0.107658781111,-0.0729067772627,-0.331210672855,-0.435708552599,0.228860795498,0.025497937575,0.0323164016008
-0.102176189423,0.068682231009,0.119322389364,0.146079301834,0.10577943176,0.189923241735,0.23033811152,0.0585556104779,0.60288387537,-0.109168618917,-0.0733309015632,-0.329893171787,-0.432753652334,0.230106115341,0.0269392468035,0.0337054766715
-0.111677333713,0.0613837912679,0.111712686718,0.135539531708,0.0949379354715,0.179066970944,0.219533786178,0.0500752031803,1.10181331635,-0.110847219825,-0.0737513303757,-0.328682661057,-0.429896205664,0.231343597174,0.02842505835,0.0351192504168
-0.121303752065,0.0539491586387,0.103916138411,0.124790504575,0.083930619061,0.168040141463,0.208524420857,0.041116155684,1.91753232479,-0.112683497369,-0.0741774812341,-0.327587485313,-0.427153617144,0.232570677996,0.0299539640546,0.0365554578602
-0.126140832901,0.0501895025373,0.0999563485384,0.119350232184,0.0783774480224,0.162476167083,0.202955573797,0.036471221596,2.70753097534,-0.113657198846,-0.0743976533413,-0.32708594203,-0.425830870867,0.233179315925,0.0307340808213,0.0372811630368
-0.135818243027,0.0426031835377,0.0919314697385,0.108364611864,0.0671970844269,0.15127414465,0.191715940833,0.0268830377609,-2.14411306381,-0.115708261728,-0.074866168201,-0.32618033886,-0.42329326272,0.234385356307,0.0323245860636,0.0387462303042
-0.145443946123,0.034949876368,0.0837899148464,0.0972735360265,0.0559500940144,0.140007540584,0.180374920368,0.0169438868761,-1.48496067524,-0.117887936532,-0.0753936767578,-0.325412333012,-0.420913994312,0.235574051738,0.0339538007975,0.0402271188796
-0.154954567552,0.0272566806525,0.0755610913038,0.0861195623875,0.044674616307,0.12871722877,0.168974563479,0.00671588955447,-0.996341049671,-0.120183981955,-0.0760089159012,-0.324790716171,-0.418710172176,0.236742809415,0.0356195494533,0.0417209900916
-0.164291724563,0.0195499714464,0.0672749727964,0.074945166707,0.0334075205028,0.117442972958,0.15755687654,-0.00373324449174,-0.548335075378,-0.122584342957,-0.0767411440611,-0.324324131012,-0.416698604822,0.237889036536,0.0373195335269,0.0432247072458
-0.173402354121,0.0118556264788,0.0589619278908,0.0637928396463,0.0221852082759,0.106223344803,0.146163970232,-0.0143309989944,-0.104403764009,-0.125076517463,-0.0776176005602,-0.324020594358,-0.414895325899,0.239010378718,0.0390511639416,0.0447350926697
-0.182238966227,0.00419924035668,0.0506529062986,0.0527047142386,0.0110430875793,0.0950958654284,0.134837165475,-0.0250013452023,0.359946429729,-0.127647966146,-0.0786616653204,-0.323887586594,-0.413316041231,0.240104392171,0.0408116579056,0.0462488308549
-0.19075858593,-0.00339405867271,0.0423791669309,0.0417224131525,1.61190891959e-05,0.084097020328,0.123617731035,-0.0356595665216,0.893022298813,-0.130285426974,-0.0798900425434,-0.323931157589,-0.411975353956,0.241168931127,0.0425979979336,0.0477624870837
-0.198921740055,-0.0108990063891,0.0341725721955,0.0308871436864,-0.0108612589538,0.0732625722885,0.112546242774,-0.0462100170553,1.72051167488,-0.132975250483,-0.08131172508,-0.324156463146,-0.410886883736,0.24220213294,0.0444070734084,0.049272518605
-0.206694588065,-0.0182910077274,0.0260646510869,0.0202385224402,-0.0215553045273,0.0626269206405,0.101662062109,-0.0565579459071,-2.75507497787,-0.135703295469,-0.0829267725348,-0.324567139149,-0.410063236952,0.24320179224,0.0462354086339,0.050775565207
-0.214048877358,-0.0255459714681,0.0180867500603,0.00981511641294,-0.0320331193507,0.0522232800722,0.0910033583641,-0.0666116401553,-1.75884413719,-0.138455480337,-0.0847262516618,-0.325165718794,-0.409515619278,0.244166478515,0.0480795130134,0.0522679425776
-0.220962554216,-0.0326409824193,0.0102691790089,-0.000346582062775,-0.0422626212239,0.0420833043754,0.080606892705,-0.0762860253453,-1.17433488369,-0.141217559576,-0.0866920873523,-0.325953394175,-0.409254074097,0.24509447813,0.0499355942011,0.0537462122738
-0.2274210006,-0.0395542010665,0.00264100916684,-0.0102121736854,-0.0522130504251,0.0322370789945,0.0705072507262,-0.085510969162,-0.665721178055,-0.143976077437,-0.0887992233038,-0.326930373907,-0.409287303686,0.245984524488,0.0517997592688,0.0552067831159
-0.230476722121,-0.042936258018,-0.0010933597805,-0.0150239672512,-0.0570744536817,0.0274329576641,0.0655789673328,-0.0899359434843,-0.417645037174,-0.145349934697,-0.0898960977793,-0.327489703894,-0.409416794777,0.24641494453,0.0527335703373,0.0559293106198
-0.236238390207,-0.0495384000242,-0.00838554371148,-0.0243859160691,-0.0665511637926,0.018080316484,0.0559855438769,-0.0983772948384,0.087248198688,-0.14807882905,-0.0921546965837,-0.328748941422,-0.409905493259,0.247245833278,0.0546020679176,0.0573563352227
-0.241534307599,-0.0559093914926,-0.0154216941446,-0.0333759151399,-0.0756769776344,0.00908949226141,0.0467668808997,-0.106237240136,0.641948759556,-0.150772899389,-0.0944693461061,-0.330194056034,-0.41070458293,0.248036175966,0.0564681366086,0.0587565638125
-0.246369108558,-0.0620315521955,-0.0221779383719,-0.0419680587947,-0.0844257175922,0.000484991265694,0.0379503816366,-0.113479286432,1.41295087337,-0.153421327472,-0.0968032851815,-0.331822097301,-0.411817848682,0.248785018921,0.0583272874355,0.060126259923
-0.250751882792,-0.0678888112307,-0.0286324117333,-0.050138771534,-0.0927725210786,-0.00771083915606,0.0295606795698,-0.120076566935,-3.03793358803,-0.156014531851,-0.0991222411394,-0.333629906178,-0.413247525692,0.249491944909,0.060174908489,0.0614616312087
-0.254695743322,-0.0734666511416,-0.0347657613456,-0.0578676536679,-0.100694723427,-0.0154775176197,0.0216199345887,-0.126011908054,-1.8347479105,-0.15854460001,-0.101396813989,-0.335614115,-0.414994597435,0.250156402588,0.062006354332,0.0627589970827
-0.258217215538,-0.0787522941828,-0.0405606925488,-0.0651369765401,-0.108171388507,-0.0227966867387,0.0141474390402,-0.131277933717,-1.18983006477,-0.161005377769,-0.103604309261,-0.337771087885,-0.417058557272,0.250778138638,0.0638167336583,0.0640146359801
-0.261335998774,-0.0837349891663,-0.046002920717,-0.0719318687916,-0.115183994174,-0.0296523477882,0.00715962704271,-0.135876610875,-0.632959604263,-0.163392901421,-0.105730816722,-0.340097486973,-0.41943770647,0.251357108355,0.0656012669206,0.0652243942022
-0.264074087143,-0.088405855,-0.0510806702077,-0.0782407075167,-0.121716484427,-0.036030806601,0.000670005916618,-0.139819160104,-0.0842947140336,-0.165705263615,-0.107771314681,-0.342589974403,-0.422128885984,0.25189307332,0.0673549100757,0.0663844347
-0.266455680132,-0.0927582606673,-0.0557852424681,-0.0840547904372,-0.127755627036,-0.0419210270047,-0.0053109661676,-0.143125653267,0.505261182785,-0.167942747474,-0.109730936587,-0.345245540142,-0.425127923489,0.252386242151,0.0690726488829,0.0674909055233
-0.268506705761,-0.096787661314,-0.0601106621325,-0.0893681868911,-0.133290618658,-0.0473147258162,-0.0107759600505,-0.145824819803,1.29319798946,-0.170108005404,-0.111624181271,-0.34806150198,-0.428429186344,0.252836614847,0.0707493722439,0.0685395747423
-0.270255476236,-0.100492276251,-0.0640545338392,-0.0941786691546,-0.138314262033,-0.0522064417601,-0.0157208424062,-0.147958993912,-3.07934141159,-0.172205939889,-0.113473296165,-0.351035565138,-0.432026237249,0.253244608641,0.0723799914122,0.0695264488459
-0.271025687456,-0.102222949266,-0.065883487463,-0.0963954254985,-0.140632972121,-0.0544632747769,-0.0179978422821,-0.148829713464,-2.27657389641,-0.17323179543,-0.114390380681,-0.352581173182,-0.433933287859,0.2534327209,0.0731764659286,0.0699952840805
-0.272376507521,-0.105441957712,-0.069256901741,-0.100453414023,-0.144882708788,-0.0585985854268,-0.0221619606018,-0.150212287903,-1.44389510155,-0.175242260098,-0.116229392588,-0.355788439512,-0.437959194183,0.253777623177,0.0747283548117,0.0708816796541
-0.273499459028,-0.108341708779,-0.0722555741668,-0.104015402496,-0.148616597056,-0.0622313432395,-0.0258095059544,-0.151164963841,-0.822082936764,-0.177205860615,-0.118104226887,-0.35914850235,-0.442259520292,0.254080891609,0.076221331954,0.07169585675
-0.27442419529,-0.110928058624,-0.0748870447278,-0.107089109719,-0.151838511229,-0.0653667747974,-0.0289472360164,-0.151748165488,-0.230561345816,-0.179133057594,-0.120049826801,-0.362659037113,-0.446824014187,0.254342913628,0.0776503384113,0.0724340006709
-0.275179564953,-0.113209158182,-0.0771615877748,-0.109685055912,-0.154555439949,-0.0680127292871,-0.0315850749612,-0.152023613453,0.391872674227,-0.18103531003,-0.122099377215,-0.366317301989,-0.451641112566,0.254564076662,0.0790103301406,0.0730919018388
-0.275793522596,-0.115195080638,-0.0790920853615,-0.111816331744,-0.156777739525,-0.0701800435781,-0.0337355136871,-0.152053207159,1.19405996799,-0.182924345136,-0.124281272292,-0.370119839907,-0.456698477268,0.254744768143,0.0802963152528,0.0736657232046
-0.276292651892,-0.11689773947,-0.080693371594,-0.113498747349,-0.158518925309,-0.071882493794,-0.0354139916599,-0.151897788048,-3.12440824509,-0.184812039137,-0.126617610455,-0.374062716961,-0.461982727051,0.254885613918,0.0815033912659,0.0741516426206
-0.276702195406,-0.118330799043,-0.0819823741913,-0.114750117064,-0.159795388579,-0.0731366276741,-0.0366385169327,-0.1516161412,-1.77237594128,-0.186709880829,-0.129122242332,-0.378140807152,-0.467479348183,0.25498649478,0.0826267078519,0.0745459422469
-0.277045845985,-0.119509339333,-0.0829780846834,-0.115590855479,-0.160626575351,-0.0739617422223,-0.0374296717346,-0.151263922453,-1.05639111996,-0.188628777862,-0.131800144911,-0.382348150015,-0.473173171282,0.25504809618,0.083661660552,0.074845045805
-0.277345448732,-0.120450131595,-0.0837008208036,-0.116043396294,-0.161034688354,-0.0743796601892,-0.03781048581,-0.150892704725,-0.420081734657,-0.190578773618,-0.134646862745,-0.386677771807,-0.479048103094,0.255070626736,0.0846035704017,0.0750454813242
-0.277621179819,-0.121170960367,-0.0841724723577,-0.116131931543,-0.161044329405,-0.0744143351912,-0.0378058589995,-0.150549426675,0.229034408927,-0.192568793893,-0.137649044394,-0.391121596098,-0.485087186098,0.25505399704,0.0854480713606,0.0751441568136
-0.277891457081,-0.121690839529,-0.0844158902764,-0.115882501006,-0.160682454705,-0.0740920081735,-0.0374427847564,-0.150275290012,1.0144944191,-0.19460657239,-0.140785515308,-0.395670682192,-0.491272985935,0.254998475313,0.0861908718944,0.0751379281282
-0.2781727314,-0.122029677033,-0.0844548791647,-0.115322619677,-0.15997813642,-0.0734409987926,-0.0367500185966,-0.15010561049,2.85828709602,-0.196698516607,-0.144028633833,-0.400315195322,-0.497587442398,0.254904031754,0.0868278890848,0.0750239044428
-0.278322190046,-0.1221376881,-0.0844053700566,-0.114935256541,-0.159507140517,-0.0730014517903,-0.0362893305719,-0.150069266558,-2.38268232346,-0.197766527534,-0.145680651069,-0.402670025826,-0.500787079334,0.254842102528,0.0871054753661,0.0749254673719
-0.278647005558,-0.122244112194,-0.0841838121414,-0.113964311779,-0.158347576857,-0.0719137564301,-0.0351589620113,-0.150108531117,-1.41542315483,-0.199949041009,-0.149024024606,-0.407437771559,-0.50725954771,0.254688829184,0.0875763967633,0.0746444761753
-0.279016256332,-0.122222401202,-0.0838197916746,-0.112757138908,-0.156925275922,-0.0705746561289,-0.0337766222656,-0.150311797857,-0.716027081013,-0.202196359634,-0.152392446995,-0.412273734808,-0.513813614845,0.254495978355,0.0879319980741,0.0742489397526
-0.279440224171,-0.122094504535,-0.0833383798599,-0.111345000565,-0.155274584889,-0.0690168812871,-0.0321751125157,-0.150690868497,-0.041815277189,-0.204510673881,-0.155754327774,-0.417166501284,-0.520430326462,0.254263073206,0.0881689116359,0.0737365186214
-0.279927551746,-0.121882535517,-0.0827647224069,-0.109759561718,-0.153429999948,-0.0672743692994,-0.0303880851716,-0.151251077652,0.706992864609,-0.206893280149,-0.159081712365,-0.422104507685,-0.527090489864,0.253989309072,0.0882838517427,0.0731051713228
-0.280485212803,-0.121608749032,-0.0821235179901,-0.108032882214,-0.151426821947,-0.0653810799122,-0.0284491628408,-0.151991531253,2.07321190834,-0.209344655275,-0.162353277206,-0.427076518536,-0.533775031567,0.253674060106,0.088273756206,0.0723522678018
-0.281119018793,-0.121295168996,-0.0814390182495,-0.10619713366,-0.149300500751,-0.0633714273572,-0.0263925120234,-0.152906343341,-2.06543779373,-0.211864516139,-0.165554463863,-0.432071387768,-0.540465354919,0.253316193819,0.0881359279156,0.0714760571718
-0.281833261251,-0.120963491499,-0.0807349532843,-0.104284323752,-0.147086277604,-0.0612796396017,-0.0242518801242,-0.153985202312,-1.18816411495,-0.214452177286,-0.168679282069,-0.437078714371,-0.547143161297,0.252914607525,0.0878676995635,0.0704747512937
-0.282631367445,-0.120635211468,-0.0800343230367,-0.102325998247,-0.14481896162,-0.0591396205127,-0.0220608003438,-0.155214443803,-0.470193564892,-0.21710652113,-0.171730145812,-0.442088454962,-0.55379062891,0.252467930317,0.0874668434262,0.0693463236094
-0.283515632153,-0.120330944657,-0.0793590247631,-0.100353136659,-0.142532661557,-0.0569845549762,-0.0198520105332,-0.156577691436,0.255805164576,-0.219826072454,-0.174717381597,-0.447091251612,-0.560390293598,0.251974582672,0.0869311839342,0.0680893212557
-0.284487515688,-0.120070442557,-0.0787299796939,-0.0983959138393,-0.140260487795,-0.0548466704786,-0.017657443881,-0.158057183027,1.17710733414,-0.222608983517,-0.177658081055,-0.452078074217,-0.566925644875,0.251432716846,0.0862589105964,0.0667020604014
-0.285547763109,-0.119872793555,-0.0781669169664,-0.0964833050966,-0.138034418225,-0.0527573265135,-0.0155080864206,-0.159634396434,-2.81195306778,-0.225453138351,-0.180574849248,-0.457040667534,-0.573380589485,0.250840514898,0.0854483693838,0.0651832073927
-0.286111116409,-0.119803190231,-0.0779160112143,-0.0955525040627,-0.136948227882,-0.0517402589321,-0.0144597161561,-0.160453915596,-2.02057671547,-0.226897507906,-0.182032287121,-0.459510475397,-0.576573193073,0.250524908304,0.0849908366799,0.0643740519881
-0.287303864956,-0.119732744992,-0.0774859935045,-0.0937589034438,-0.134848028421,-0.0497790761292,-0.0124333230779,-0.16214363277,-1.12158250809,-0.22982904315,-0.184962123632,-0.464421987534,-0.582879364491,0.249853163958,0.0839704424143,0.0626554936171
-0.28858423233,-0.119767218828,-0.0771653801203,-0.0920769423246,-0.132866978645,-0.0479379668832,-0.0105232531205,-0.163887128234,-0.371633857489,-0.232815116644,-0.18793451786,-0.469290047884,-0.58906853199,0.249125421047,0.0828087925911,0.0608024038374
-0.28995102644,-0.1199208498,-0.0769688263535,-0.0905307605863,-0.13103120029,-0.0462423302233,-0.00875515025109,-0.165669441223,0.403673648834,-0.235852256417,-0.190973833203,-0.474107325077,-0.595127403736,0.248339101672,0.0815050527453,0.0588143318892
-0.291402608156,-0.120206430554,-0.0769094526768,-0.0891425162554,-0.129364550114,-0.0447158031166,-0.00715281208977,-0.167477831244,1.52052760124,-0.238936424255,-0.194100320339,-0.478866577148,-0.601043462753,0.247491583228,0.0800587981939,0.0566903278232
-0.292937129736,-0.120635017753,-0.0769988074899,-0.0879324898124,-0.127889022231,-0.0433796495199,-0.0057378471829,-0.169301986694,-2.31386780739,-0.242062941194,-0.197328224778,-0.483560293913,-0.606804847717,0.246579989791,0.0784695670009,0.0544303096831
-0.294552475214,-0.121215760708,-0.0772464796901,-0.0869188904762,-0.126623898745,-0.0422529354692,-0.00452969782054,-0.171134352684,-1.26596260071,-0.245226368308,-0.200664147735,-0.488180965185,-0.612400650978,0.24560123682,0.0767373293638,0.0520339868963
-0.296246349812,-0.121956326067,-0.0776608288288,-0.0861178338528,-0.125586405396,-0.0413526147604,-0.00354581070133,-0.172970235348,-0.473979651928,-0.248420745134,-0.204107016325,-0.492720872164,-0.617820739746,0.244552329183,0.0748621150851,0.0495015829802
-0.298016190529,-0.122862234712,-0.0782481208444,-0.0855434015393,-0.124791428447,-0.0406929664314,-0.00280118943192,-0.174807354808,0.327345192432,-0.251639276743,-0.207646951079,-0.497171908617,-0.623055577278,0.24342982471,0.0728442817926,0.0468334443867
-0.299859583378,-0.123937487602,-0.0790132284164,-0.0852071866393,-0.124251157045,-0.0402860119939,-0.00230851094238,-0.176646366715,1.44278633595,-0.254874765873,-0.211266919971,-0.50152605772,-0.628096461296,0.242230668664,0.0706843808293,0.0440301373601
-0.301773875952,-0.125184267759,-0.0799594596028,-0.0851188227534,-0.123975582421,-0.0401414558291,-0.0020783203654,-0.178490057588,-2.33431959152,-0.258119374514,-0.214942634106,-0.505775153637,-0.632935583591,0.240951240063,0.0683830305934,0.0410925410688
-0.303756535053,-0.126603096724,-0.0810883939266,-0.0852854400873,-0.123972132802,-0.0402661524713,-0.00211831764318,-0.180343329906,-1.24560749531,-0.26136508584,-0.218645051122,-0.509910881519,-0.637565910816,0.239588141441,0.0659412443638,0.0380218960345
-0.30580535531,-0.128193020821,-0.0824004560709,-0.0857123732567,-0.124246090651,-0.0406655073166,-0.00243466347456,-0.182213008404,-0.423011481762,-0.264603734016,-0.222341641784,-0.513925611973,-0.641981303692,0.238137736917,0.0633599609137,0.03481945768
-0.306853830814,-0.129051446915,-0.0831249058247,-0.0860244631767,-0.124488197267,-0.0409689992666,-0.00269749178551,-0.183156490326,-0.0138229029253,-0.266217917204,-0.224177330732,-0.515885174274,-0.64410674572,0.237378641963,0.0620174184442,0.0331692844629
-0.30899772048,-0.130893021822,-0.0847092345357,-0.086846575141,-0.125183030963,-0.0417841263115,-0.00343361310661,-0.185066267848,0.934911429882,-0.269430994987,-0.227802455425,-0.519704163074,-0.648190021515,0.235790610313,0.0592293255031,0.0297721363604
-0.311202794313,-0.132897242904,-0.0864717513323,-0.0879326239228,-0.12615865469,-0.0428762249649,-0.00445044739172,-0.187014654279,-3.04038071632,-0.272617667913,-0.231340646744,-0.523384392262,-0.652046918869,0.234106242657,0.0563051700592,0.0262476075441
-0.313467621803,-0.135058701038,-0.0884087085724,-0.0892805159092,-0.127412483096,-0.044242721051,-0.00574606237933,-0.189011618495,-1.51849865913,-0.275771141052,-0.234765052795,-0.526920080185,-0.655674338341,0.232321798801,0.0532465651631,0.0225977115333
-0.315791189671,-0.137371018529,-0.0905150920153,-0.0908863916993,-0.128940343857,-0.045878957957,-0.00731630250812,-0.191067278385,-0.638069808483,-0.278885602951,-0.238054975867,-0.530306458473,-0.659070491791,0.23043371737,0.0500551387668,0.0188247803599
-0.318172812462,-0.13982719183,-0.0927853956819,-0.0927447155118,-0.130736172199,-0.0477787554264,-0.00915559660643,-0.193191617727,0.218184813857,-0.281956315041,-0.241197019815,-0.533540189266,-0.662234544754,0.228438392282,0.0467327833176,0.014931216836
-0.320612281561,-0.142419368029,-0.095213085413,-0.0948483422399,-0.132792308927,-0.0499341972172,-0.01125643868,-0.195393815637,1.37473714352,-0.284979730844,-0.244185641408,-0.536618828773,-0.665166497231,0.226332187653,0.0432813763618,0.0109195634723
-0.323109686375,-0.145139455795,-0.0977911576629,-0.097188770771,-0.135099545121,-0.0523359552026,-0.0136096579954,-0.197682529688,-2.30510663986,-0.287953555584,-0.247024059296,-0.539541363716,-0.667867660522,0.224111482501,0.0397029779851,0.00679272972047
-0.325665593147,-0.147978708148,-0.100512012839,-0.0997560545802,-0.13764731586,-0.0549734048545,-0.0162047985941,-0.200065046549,-1.17453312874,-0.29087677598,-0.249723061919,-0.542308211327,-0.67034047842,0.221772894263,0.0359996184707,0.00255336682312
-0.32828065753,-0.150928214192,-0.103367432952,-0.102539032698,-0.140423730016,-0.0578343719244,-0.0190298575908,-0.20254740119,-0.295974969864,-0.293749809265,-0.252300739288,-0.544920861721,-0.672588050365,0.219312980771,0.0321735106409,-0.0017951359041
-0.330955922604,-0.153978809714,-0.106349036098,-0.105525709689,-0.143416032195,-0.0609060972929,-0.0220718942583,-0.205134227872,0.648097515106,-0.296573907137,-0.254780501127,-0.547381937504,-0.674614846706,0.216728270054,0.0282268375158,-0.0062497924082
-0.333692401648,-0.157121345401,-0.109448008239,-0.108703128994,-0.146610423923,-0.0641747713089,-0.0253169517964,-0.207828491926,2.65999960899,-0.299351781607,-0.257190078497,-0.549695253372,-0.676426053047,0.214015841484,0.0241618361324,-0.0108072403818
-0.335083991289,-0.158724173903,-0.111038707197,-0.110359169543,-0.148278951645,-0.0658784434199,-0.0270109884441,-0.209216505289,-2.31637096405,-0.300724297762,-0.258377552032,-0.550797939301,-0.677252829075,0.212610781193,0.0220856871456,-0.0131234228611
-0.337914347649,-0.161987051368,-0.114296481013,-0.113796636462,-0.151749014854,-0.0694148764014,-0.0305323656648,-0.212073937058,-1.15657496452,-0.303439110518,-0.260736346245,-0.552898645401,-0.678752720356,0.209700748324,0.0178475752473,-0.0178284589201
-0.340808391571,-0.165318518877,-0.117648206651,-0.117389373481,-0.155383571982,-0.0731106251478,-0.0342183187604,-0.215039074421,-0.250476181507,-0.306117147207,-0.263096809387,-0.55486446619,-0.680054187775,0.206655606627,0.0134969381616,-0.0226271823049
-0.343766748905,-0.168709456921,-0.121084339917,-0.12112236768,-0.159166768193,-0.0769497305155,-0.0380524732172,-0.218109086156,0.746505737305,-0.308762699366,-0.265483409166,-0.556701421738,-0.681165337563,0.203472569585,0.00903616659343,-0.027515783906
-0.346789479256,-0.172150418162,-0.124594911933,-0.124980226159,-0.163082361221,-0.0809160321951,-0.0420183166862,-0.221279546618,3.07774853706,-0.311380416155,-0.267915964127,-0.558415949345,-0.682095050812,0.20014923811,0.00446753483266,-0.0324902683496
-0.349876224995,-0.175632491708,-0.128170073032,-0.12894757092,-0.167113989592,-0.0849931910634,-0.0460989400744,-0.224544644356,-1.50583434105,-0.313974648714,-0.270407348871,-0.560014545918,-0.682852685452,0.196683317423,-0.00020650785882,-0.0375464111567
-0.353025972843,-0.179146721959,-0.13179962337,-0.133008792996,-0.17124517262,-0.0891648158431,-0.0502774640918,-0.227897107601,-0.54590010643,-0.316549360752,-0.272963523865,-0.561503529549,-0.683448255062,0.193072885275,-0.00498357927427,-0.0426797866821
-0.35623690486,-0.182684183121,-0.135473534465,-0.137148424983,-0.175459459424,-0.0934145525098,-0.0545371174812,-0.231328517199,0.420092642307,-0.319107949734,-0.275582671165,-0.562889456749,-0.683892130852,0.189315959811,-0.00986139476299,-0.0478859394789
-0.359506368637,-0.186236321926,-0.139181554317,-0.141351088881,-0.179740548134,-0.0977261140943,-0.0588611736894,-0.234829470515,2.17628574371,-0.321653306484,-0.278255581856,-0.564178466797,-0.684194922447,0.18541111052,-0.0148375695571,-0.0531602650881
-0.362830966711,-0.189794674516,-0.142913788557,-0.145601704717,-0.184072613716,-0.102083735168,-0.0632334724069,-0.238389596343,-1.77323019505,-0.324187636375,-0.280966758728,-0.565376698971,-0.684367775917,0.181357070804,-0.0199097525328,-0.05849789083
-0.366206407547,-0.19335116446,-0.146660193801,-0.149885296822,-0.188439637423,-0.106471627951,-0.0676379427314,-0.241998121142,-0.74467343092,-0.326712489128,-0.283694863319,-0.566490232944,-0.684422135353,0.177152916789,-0.0250756368041,-0.0638938769698
-0.369627386332,-0.196897923946,-0.150411069393,-0.154187679291,-0.192826598883,-0.110874839127,-0.0720591917634,-0.245643541217,0.228024408221,-0.329228699207,-0.286415576935,-0.567524969578,-0.684369683266,0.172797724605,-0.030332962051,-0.0693433508277
-0.373087972403,-0.200427383184,-0.154156714678,-0.158494770527,-0.197218701243,-0.115278758109,-0.0764823555946,-0.24931435287,1.72607851028,-0.33173674345,-0.289102375507,-0.568487048149,-0.684222102165,0.168291181326,-0.035679358989,-0.0748411417007
-0.374830961227,-0.202183485031,-0.156024858356,-0.160645961761,-0.199412316084,-0.117476664484,-0.0786902531981,-0.251155614853,-2.87386918068,-0.332987725735,-0.290424913168,-0.568942844868,-0.684116482735,0.165981188416,-0.0383852757514,-0.0776065140963
-0.378337860107,-0.205673962831,-0.159745797515,-0.164935290813,-0.203785732388,-0.121855579317,-0.0830897837877,-0.254842638969,-1.3532807827,-0.335483372211,-0.293013006449,-0.569807767868,-0.683848917484,0.161247581244,-0.0438610985875,-0.0831671431661
-0.381865799427,-0.209130480886,-0.163439437747,-0.169197276235,-0.208130404353,-0.126201689243,-0.0874571800232,-0.258526206017,-0.358872115612,-0.337970495224,-0.295507609844,-0.570616364479,-0.683517277241,0.156362965703,-0.0494203791022,-0.0887631699443
-0.385406523943,-0.212547212839,-0.167097806931,-0.173419967294,-0.21243365109,-0.130502656102,-0.091779910028,-0.262195378542,0.721692979336,-0.340448826551,-0.297892361879,-0.571375787258,-0.683133661747,0.151327848434,-0.0550609193742,-0.0943895056844
-0.388951122761,-0.215918838978,-0.170713290572,-0.177592530847,-0.216684192419,-0.134747326374,-0.0960466861725,-0.26583981514,-2.97097492218,-0.342918097973,-0.300156950951,-0.572093784809,-0.68271112442,0.146143257618,-0.0607805103064,-0.100040949881
-0.392490416765,-0.219240739942,-0.174279049039,-0.181704670191,-0.220871031284,-0.138925164938,-0.100246958435,-0.269449770451,-1.37207341194,-0.345378607512,-0.302299082279,-0.572778701782,-0.68226236105,0.140810549259,-0.0665769577026,-0.105712555349
-0.396015018225,-0.222509026527,-0.177788972855,-0.185747206211,-0.224984616041,-0.143026784062,-0.10437104851,-0.27301633358,-0.352386832237,-0.347830832005,-0.304323703051,-0.573439657688,-0.681800723076,0.135331198573,-0.0724480748177,-0.111399278045
-0.399515628815,-0.225720316172,-0.181237533689,-0.189711496234,-0.229015931487,-0.147043630481,-0.108410269022,-0.276531547308,0.768638253212,-0.350276023149,-0.306243658066,-0.574086010456,-0.681339204311,0.129707247019,-0.0783916786313,-0.117096170783
-0.402982950211,-0.228871956468,-0.184619992971,-0.193590074778,-0.232957169414,-0.150968030095,-0.112357005477,-0.279988348484,-2.79431891441,-0.352715432644,-0.308078438044,-0.57472807169,-0.680891036987,0.123940736055,-0.0844056084752,-0.122798621655
-0.406407952309,-0.231961712241,-0.187932342291,-0.197376132011,-0.236801147461,-0.154793471098,-0.116204507649,-0.28338059783,-1.28703904152,-0.355151355267,-0.309853315353,-0.575376152992,-0.680469572544,0.118034280837,-0.0904876664281,-0.128501936793
-0.409782081842,-0.234988152981,-0.191171392798,-0.201063930988,-0.240542069077,-0.158514216542,-0.119947038591,-0.286703318357,-0.248710125685,-0.357586085796,-0.311597317457,-0.576041281223,-0.680088162422,0.111990660429,-0.096635684371,-0.134201571345
-0.413097053766,-0.237950474024,-0.19433452189,-0.204648524523,-0.244174733758,-0.16212579608,-0.123579911888,-0.289952427149,0.961531102657,-0.360022604465,-0.313341796398,-0.576734304428,-0.679759740829,0.105813115835,-0.102847464383,-0.139893338084
-0.414730042219,-0.23940743506,-0.195887044072,-0.206400990486,-0.245949193835,-0.163889378309,-0.125353947282,-0.291548460722,2.24011826515,-0.361242502928,-0.314224034548,-0.577094733715,-0.679619431496,0.102675125003,-0.105976574123,-0.142734885216
-0.417942374945,-0.242272779346,-0.198933213949,-0.209823518991,-0.249411970377,-0.167330235243,-0.128815293312,-0.294681608677,-1.67493379116,-0.363687396049,-0.316027373075,-0.577850043774,-0.679394721985,0.0963030830026,-0.112279854715,-0.148406922817
-0.421078145504,-0.245073780417,-0.201900184155,-0.21313482523,-0.252758026123,-0.170654386282,-0.132159218192,-0.297735214233,-0.576405346394,-0.366142034531,-0.317905068398,-0.578659951687,-0.679254710674,0.0898061618209,-0.118641294539,-0.154060900211
-0.424131512642,-0.247811034322,-0.204787686467,-0.216332778335,-0.255985528231,-0.173860326409,-0.135384008288,-0.30070823431,0.543795645237,-0.368609368801,-0.319880187511,-0.57953453064,-0.679211556911,0.0831886455417,-0.125058621168,-0.159692928195
-0.427097797394,-0.250485748053,-0.207596346736,-0.219416633248,-0.259093374014,-0.176947429776,-0.138489231467,-0.3036005795,3.13711261749,-0.371092438698,-0.321969538927,-0.580483317375,-0.679276943207,0.0764547809958,-0.131529480219,-0.165299549699
-0.429973125458,-0.253099054098,-0.210326880217,-0.222386166453,-0.26208165288,-0.179916068912,-0.141474992037,-0.306412726641,-1.38182342052,-0.373593777418,-0.32418268919,-0.581514716148,-0.679461956024,0.0696093887091,-0.138051509857,-0.170877188444
-0.432754784822,-0.25565263629,-0.212980732322,-0.225242108107,-0.264950931072,-0.182767212391,-0.144342243671,-0.309145867825,-0.29329252243,-0.376115709543,-0.326522111893,-0.582636654377,-0.679776906967,0.0626574382186,-0.144622251391,-0.176422655582
-0.435441076756,-0.258148491383,-0.2155598104,-0.227985844016,-0.267702758312,-0.18550260365,-0.147092729807,-0.311801761389,0.975710332394,-0.37865999341,-0.328982681036,-0.583855926991,-0.680231869221,0.0556040927768,-0.151239216328,-0.181932732463
-0.438031315804,-0.26058858633,-0.218066483736,-0.230619609356,-0.270339339972,-0.188124835491,-0.149728953838,-0.314382463694,-2.33958005905,-0.381228089333,-0.3315525949,-0.585178732872,-0.680835902691,0.0484547801316,-0.157899916172,-0.187404602766
-0.440526127815,-0.262975424528,-0.220503509045,-0.233146071434,-0.272863537073,-0.190637007356,-0.152253851295,-0.316890716553,-1.01225018501,-0.383821129799,-0.334214776754,-0.58661031723,-0.681597471237,0.0412152893841,-0.16460159421,-0.192835524678
-0.442927449942,-0.265311568975,-0.22287389636,-0.235568776727,-0.275279074907,-0.193042889237,-0.154671296477,-0.319329589605,0.0985972136259,-0.386439949274,-0.336947828531,-0.588155090809,-0.682524323463,0.0338913686574,-0.171341523528,-0.198223054409
-0.44523820281,-0.267600178719,-0.225181460381,-0.237891957164,-0.27759000659,-0.195346817374,-0.15698556602,-0.321702629328,1.90639543533,-0.389085382223,-0.339728683233,-0.589817225933,-0.683623671532,0.026489187032,-0.178116962314,-0.203564852476
-0.447462767363,-0.269844532013,-0.227430179715,-0.240120127797,-0.279801189899,-0.197553858161,-0.159201622009,-0.324013769627,-1.73165822029,-0.391758173704,-0.342534124851,-0.591600060463,-0.68490165472,0.0190149135888,-0.184925064445,-0.208859026432
-0.448544293642,-0.270951211452,-0.228533834219,-0.241200253367,-0.28087118268,-0.198622643948,-0.160274446011,-0.32514744997,-1.1227864027,-0.393105238676,-0.343939393759,-0.592537760735,-0.685609459877,0.0152527680621,-0.188340425491,-0.21148763597
-0.450650364161,-0.273136198521,-0.230702623725,-0.243295967579,-0.28294301033,-0.200694486499,-0.162353247404,-0.32737404108,0.00620679650456,-0.395821243525,-0.346743106842,-0.59450763464,-0.687166154385,0.00768249249086,-0.195191815495,-0.216707140207
-0.452686369419,-0.275286912918,-0.232824474573,-0.245310649276,-0.284929513931,-0.20268394053,-0.164348125458,-0.329550504684,1.7164041996,-0.398568093777,-0.349525928497,-0.59660589695,-0.68891453743,5.65205591556e-05,-0.202068209648,-0.221875175834
-0.454661071301,-0.277408033609,-0.234904825687,-0.247250854969,-0.286837309599,-0.204597517848,-0.16626560688,-0.331682503223,-1.78672111034,-0.4013479352,-0.352279156446,-0.598835468292,-0.690858960152,-0.00761865312234,-0.208966478705,-0.226990878582
-0.456584274769,-0.279504835606,-0.236949592829,-0.249123513699,-0.288673430681,-0.20644235611,-0.168112561107,-0.333776026964,-0.587887108326,-0.404163956642,-0.355001032352,-0.601199626923,-0.693003118038,-0.0153360106051,-0.215883269906,-0.232053548098
-0.458466738462,-0.281582921743,-0.238965079188,-0.250935733318,-0.290445238352,-0.208225771785,-0.169896259904,-0.335837751627,0.650111198425,-0.407019674778,-0.357696771622,-0.603701472282,-0.695349812508,-0.0230887811631,-0.22281524539,-0.23706291616
-0.460320234299,-0.283648461103,-0.240958079696,-0.25269523263,-0.292160719633,-0.209955587983,-0.171624436975,-0.337875038385,-2.6566824913,-0.409919798374,-0.360379129648,-0.606344401836,-0.69790160656,-0.030870070681,-0.229758918285,-0.242019101977
-0.462157398462,-0.285707890987,-0.242935568094,-0.254409790039,-0.293827831745,-0.211639896035,-0.173304840922,-0.339895665646,-1.12276875973,-0.412869483232,-0.363067388535,-0.609132051468,-0.700660765171,-0.0386729761958,-0.236710861325,-0.24692247808
-0.46399140358,-0.287768185139,-0.244904890656,-0.256087839603,-0.295455098152,-0.213286980987,-0.174945563078,-0.341907918453,0.0510769970715,-0.41587471962,-0.365785866976,-0.612067937851,-0.703628659248,-0.0464905500412,-0.24366736412,-0.251773744822
-0.465836018324,-0.289836496115,-0.246873661876,-0.257737785578,-0.297051161528,-0.214905485511,-0.176555201411,-0.343920767307,2.01049280167,-0.418941944838,-0.36856263876,-0.615155696869,-0.706806242466,-0.0543158911169,-0.250624805689,-0.256574034691
-0.467705339193,-0.291920363903,-0.248849794269,-0.259368300438,-0.298625051975,-0.216504022479,-0.178142130375,-0.345943659544,-1.63888561726,-0.42207801342,-0.371427685022,-0.618398666382,-0.710194051266,-0.0621422119439,-0.257579416037,-0.261324673891
-0.469613522291,-0.294027477503,-0.250841259956,-0.260988265276,-0.300185590982,-0.218091711402,-0.179715275764,-0.347986459732,-0.42386084795,-0.425290048122,-0.374410808086,-0.62180018425,-0.713792145252,-0.0699626281857,-0.264527380466,-0.266027361155
-0.470586627722,-0.295092254877,-0.251845240593,-0.26179715991,-0.300963819027,-0.218884259462,-0.18049941957,-0.349018603563,0.190880402923,-0.426926732063,-0.375955402851,-0.623561263084,-0.715669751167,-0.0738685131073,-0.267997771502,-0.268361330032
-0.472579479218,-0.297248989344,-0.25387480855,-0.263418078423,-0.302521795034,-0.220472469926,-0.182068407536,-0.351110428572,2.58076167107,-0.430265724659,-0.379166036844,-0.627205371857,-0.719581782818,-0.0816675499082,-0.274928569794,-0.272995769978
-0.474646091461,-0.299448519945,-0.255940049887,-0.265051305294,-0.304089695215,-0.22207249701,-0.18364597857,-0.353248149157,-1.45028853416,-0.433697581291,-0.382555544376,-0.631013572216,-0.723701238632,-0.0894440114498,-0.281843036413,-0.277587473392
-0.476799398661,-0.301698803902,-0.258048713207,-0.266705691814,-0.305676728487,-0.223693355918,-0.185241088271,-0.355442255735,-0.23249989748,-0.437228173018,-0.386138468981,-0.634986937046,-0.728026330471,-0.0971914976835,-0.288737267256,-0.282139062881
-0.479051947594,-0.304007411003,-0.260208755732,-0.268390417099,-0.307292252779,-0.225344181061,-0.186862826347,-0.357703328133,1.36918842793,-0.440862894058,-0.389922469854,-0.639125645161,-0.732554137707,-0.104903593659,-0.295607179403,-0.286653190851
-0.481415361166,-0.306381851435,-0.262428075075,-0.270114600658,-0.308945506811,-0.227034032345,-0.188520282507,-0.360041826963,-1.8762036562,-0.444606095552,-0.393907427788,-0.643428981304,-0.737281501293,-0.112574145198,-0.302448898554,-0.291132718325
-0.483900219202,-0.308829277754,-0.264713913202,-0.271887153387,-0.310645580292,-0.228771775961,-0.190222427249,-0.362467944622,-0.584561228752,-0.448461145163,-0.398085802794,-0.647895276546,-0.742204368114,-0.120196960866,-0.309258371592,-0.295580625534
-0.486516207457,-0.311356723309,-0.26707354188,-0.273717045784,-0.312401473522,-0.230566263199,-0.191978141665,-0.364991217852,0.779172837734,-0.452430516481,-0.402443677187,-0.652522087097,-0.747318327427,-0.127766340971,-0.31603166461,-0.300000160933
-0.489271730185,-0.313970714808,-0.269513964653,-0.275612860918,-0.314222037792,-0.232426032424,-0.193796217442,-0.367620974779,-2.32658743858,-0.45651564002,-0.406961143017,-0.657306134701,-0.752618253231,-0.135276511312,-0.322764784098,-0.304394513369
-0.49217402935,-0.316677540541,-0.272041797638,-0.277583181858,-0.31611597538,-0.234359517694,-0.195685207844,-0.370365649462,-0.88254660368,-0.460717022419,-0.411614745855,-0.662243425846,-0.758098840714,-0.142721965909,-0.329453885555,-0.308767169714
-0.49522921443,-0.319483160973,-0.274663329124,-0.279636055231,-0.318091541529,-0.236374944448,-0.197653457522,-0.373233139515,0.413525313139,-0.465034514666,-0.416378498077,-0.667329370975,-0.763753890991,-0.150097355247,-0.336095005274,-0.313121527433
-0.498442262411,-0.322393238544,-0.277384489775,-0.281779617071,-0.320157021284,-0.238480165601,-0.199709191918,-0.376230508089,-2.85701370239,-0.469467163086,-0.421226561069,-0.672559201717,-0.769577205181,-0.157397702336,-0.342684417963,-0.317461371422
-0.501816928387,-0.325412988663,-0.280211210251,-0.28402146697,-0.32232016325,-0.24068287015,-0.201860412955,-0.379363954067,-1.13250458241,-0.474013507366,-0.426134496927,-0.677927672863,-0.775562047958,-0.164618104696,-0.349218457937,-0.321790367365
-0.50356566906,-0.326965600252,-0.281665921211,-0.285181641579,-0.323440730572,-0.241823151708,-0.202974170446,-0.38098347187,-0.502388715744,-0.476328790188,-0.428604215384,-0.680662274361,-0.778612911701,-0.168196871877,-0.352463543415,-0.323951989412
-0.507187247276,-0.330159008503,-0.28466078639,-0.287584483624,-0.325764387846,-0.244185745716,-0.20528255403,-0.384330779314,0.982252418995,-0.481042355299,-0.433564484119,-0.68622893095,-0.784826934338,-0.175288900733,-0.358907729387,-0.328271776438
-0.510974824429,-0.333473980427,-0.287774085999,-0.290103435516,-0.328203886747,-0.246663689613,-0.207704916596,-0.387825906277,-2.08238458633,-0.485864847898,-0.438542515039,-0.69192135334,-0.7911850214,-0.182289958,-0.365287661552,-0.332590460777
-0.514928758144,-0.336914598942,-0.291010349989,-0.292744636536,-0.330765902996,-0.249263510108,-0.210247904062,-0.391471982002,-0.68953371048,-0.49079439044,-0.443531870842,-0.697734594345,-0.797679543495,-0.189196184278,-0.371600091457,-0.336912035942
-0.519048154354,-0.340484648943,-0.29437404871,-0.295514374971,-0.333456784487,-0.251991301775,-0.212917879224,-0.39527118206,0.724962711334,-0.495828837156,-0.448532789946,-0.703664124012,-0.804303467274,-0.196003898978,-0.377841830254,-0.341240435839
-0.523331284523,-0.344187527895,-0.297868967056,-0.298417985439,-0.336282253265,-0.254852890968,-0.215720921755,-0.399224966764,-2.3068883419,-0.500966608524,-0.453552514315,-0.709705471992,-0.811049222946,-0.202709749341,-0.384009927511,-0.345579832792
-0.527775883675,-0.348026484251,-0.301499009132,-0.301460713148,-0.339247733355,-0.257853597403,-0.218662664294,-0.403333693743,-0.825719892979,-0.506206035614,-0.458603978157,-0.715854763985,-0.817909538746,-0.209310680628,-0.390101671219,-0.349934518337
-0.532378911972,-0.352004110813,-0.30526715517,-0.304647147655,-0.34235817194,-0.260998308659,-0.221748039126,-0.407597213984,0.56753718853,-0.511545717716,-0.463704973459,-0.722108304501,-0.824877202511,-0.215803921223,-0.396114319563,-0.354308515787
-0.537136614323,-0.356122851372,-0.309176564217,-0.307981401682,-0.34561803937,-0.264291554689,-0.224981784821,-0.412014484406,-2.47347164154,-0.516984403133,-0.468876540661,-0.728462457657,-0.831945121288,-0.222186908126,-0.402045547962,-0.35870590806
-0.54204505682,-0.360384494066,-0.31322953105,-0.311467319727,-0.349031329155,-0.267737299204,-0.228368028998,-0.416583776474,-0.911320924759,-0.522520780563,-0.474141597748,-0.734913706779,-0.839105963707,-0.228457555175,-0.407893270254,-0.36313071847
-0.547099471092,-0.364790409803,-0.31742811203,-0.315107882023,-0.352601349354,-0.271338909864,-0.231910407543,-0.421302706003,0.484748125076,-0.52815335989,-0.479522436857,-0.741458415985,-0.846352756023,-0.234613880515,-0.413655400276,-0.367586970329
-0.552294790745,-0.369341462851,-0.321773856878,-0.318905740976,-0.356331199408,-0.275099486113,-0.235612049699,-0.426168173552,-2.55868434906,-0.533880650997,-0.485039174557,-0.748093128204,-0.853678405285,-0.240654334426,-0.419330328703,-0.372078537941
-0.554943680763,-0.371671587229,-0.324002236128,-0.320864379406,-0.358256876469,-0.277040153742,-0.237523406744,-0.428654909134,-1.64056396484,-0.536779224873,-0.487853914499,-0.751442968845,-0.857368707657,-0.243630722165,-0.422134637833,-0.374338656664
-0.560340166092,-0.376440644264,-0.328570365906,-0.324901789427,-0.362230479717,-0.28104326129,-0.24146848917,-0.43373349309,-0.276687175035,-0.542644679546,-0.493603855371,-0.758204698563,-0.864799559116,-0.249494999647,-0.427676171064,-0.378890007734
-0.565863370895,-0.38135445118,-0.333287119865,-0.329100757837,-0.366368770599,-0.285210222006,-0.24557814002,-0.438948661089,1.72949099541,-0.548599004745,-0.499520540237,-0.765045464039,-0.872291862965,-0.255240678787,-0.433127373457,-0.383485525846
-0.571507096291,-0.386411726475,-0.338151931763,-0.333461791277,-0.370672643185,-0.289541959763,-0.249853551388,-0.444295853376,-1.63101577759,-0.554638803005,-0.505605518818,-0.771960318089,-0.879838526249,-0.260867118835,-0.438487529755,-0.388128489256
-0.577265202999,-0.391610771418,-0.34316405654,-0.337985128164,-0.375142455101,-0.294038921595,-0.254295200109,-0.449769765139,-0.250061124563,-0.560760140419,-0.511853218079,-0.778943359852,-0.88743275404,-0.266374051571,-0.443756103516,-0.39282181859
-0.583131074905,-0.396949052811,-0.348321735859,-0.342670232058,-0.37977796793,-0.298700720072,-0.258903115988,-0.455364823341,1.90066075325,-0.566958427429,-0.518251359463,-0.78598856926,-0.895067334175,-0.271761357784,-0.448932945728,-0.397568285465
-0.589098095894,-0.402423590422,-0.353622972965,-0.347516268492,-0.384578585625,-0.303526848555,-0.263676702976,-0.461075216532,-1.56564843655,-0.573228299618,-0.52478146553,-0.793089330196,-0.902735412121,-0.277029275894,-0.454018205404,-0.402370393276
-0.59515953064,-0.408030897379,-0.359064877033,-0.352521628141,-0.389542788267,-0.308515757322,-0.268614828587,-0.466894894838,-0.169950261712,-0.579563975334,-0.531420230865,-0.800238490105,-0.910430252552,-0.282178252935,-0.459012061357,-0.407230347395
-0.601309120655,-0.41376683116,-0.364644348621,-0.357684373856,-0.394668877125,-0.313665628433,-0.273715794086,-0.472817659378,2.27046918869,-0.585959017277,-0.53814047575,-0.807428956032,-0.918144762516,-0.287209004164,-0.46391543746,-0.412150174379
-0.607540309429,-0.419627159834,-0.370357811451,-0.363001942635,-0.399954378605,-0.318974107504,-0.278977334499,-0.478837192059,-1.44764173031,-0.592406928539,-0.544913470745,-0.814652979374,-0.925872206688,-0.29212257266,-0.468729108572,-0.417131513357
-0.61384677887,-0.425606876612,-0.37620100379,-0.368471562862,-0.405396580696,-0.324438273907,-0.284396827221,-0.484947264194,-0.0332635119557,-0.598900854588,-0.551710486412,-0.821903347969,-0.933605968952,-0.296920031309,-0.473454475403,-0.422175735235
-0.620222628117,-0.431701004505,-0.382169634104,-0.374089568853,-0.410992026329,-0.330054551363,-0.289970874786,-0.491141468287,2.82161164284,-0.605434119701,-0.558504462242,-0.829172611237,-0.941339671612,-0.301602900028,-0.478092968464,-0.427284151316
-0.62666207552,-0.437904268503,-0.388258904219,-0.379852235317,-0.416736930609,-0.335819333792,-0.295695841312,-0.497413665056,-1.28051412106,-0.611999988556,-0.565271794796,-0.836453795433,-0.94906681776,-0.306172907352,-0.482646524906,-0.432457506657
-0.629903972149,-0.441045105457,-0.391347289085,-0.382786601782,-0.419664263725,-0.33875605464,-0.298613756895,-0.500577270985,-0.5757791996,-0.615293264389,-0.568639338017,-0.840096712112,-0.9529260993,-0.308416217566,-0.484892070293,-0.435068875551
-0.636428892612,-0.44740152359,-0.397607922554,-0.388758033514,-0.425625264645,-0.344735056162,-0.304557025433,-0.506955385208,1.24001169205,-0.621896803379,-0.575333476067,-0.84738355875,-0.960632562637,-0.312820583582,-0.489322334528,-0.440341085196
-0.643004775047,-0.453853160143,-0.403976261616,-0.394862920046,-0.431724578142,-0.350851088762,-0.310640066862,-0.513397097588,-1.81577122211,-0.628518462181,-0.581965446472,-0.854666769505,-0.968318104744,-0.317117393017,-0.49367338419,-0.4456795156
-0.649627268314,-0.460394263268,-0.410446792841,-0.40109616518,-0.437957197428,-0.35709887743,-0.316857814789,-0.519897043705,-0.352041959763,-0.635153651237,-0.588532567024,-0.861941456795,-0.975977540016,-0.321309119463,-0.497948229313,-0.451084315777
-0.656292498112,-0.467019319534,-0.417014122009,-0.40745228529,-0.444317400455,-0.363473027945,-0.323204666376,-0.526450276375,1.94816744328,-0.641798257828,-0.595038473606,-0.869202971458,-0.983605980873,-0.325398385525,-0.502149820328,-0.456555336714
-0.662996768951,-0.473722726107,-0.423672497272,-0.413925796747,-0.4507997334,-0.369967758656,-0.329674899578,-0.533052325249,-1.53446185589,-0.648449003696,-0.601492881775,-0.876447558403,-0.991199076176,-0.329388201237,-0.506281495094,-0.462092161179
-0.669737160206,-0.480498999357,-0.430416345596,-0.420510947704,-0.4573982656,-0.376576960087,-0.336262524128,-0.539698779583,-0.0649385973811,-0.655103325844,-0.607910454273,-0.883672118187,-0.99875241518,-0.33328166604,-0.510346889496,-0.467694222927
-0.676510691643,-0.487342655659,-0.437239944935,-0.42720168829,-0.464106917381,-0.383294701576,-0.342961341143,-0.546386122704,2.97323465347,-0.661759138107,-0.614309549332,-0.890873849392,-1.00626242161,-0.337082147598,-0.514349758625,-0.473360598087
-0.68331515789,-0.494248390198,-0.444137632847,-0.433991968632,-0.470919340849,-0.390114545822,-0.349764943123,-0.553110718727,-1.21907484531,-0.668415307999,-0.620710849762,-0.898050546646,-1.01372551918,-0.340793192387,-0.518294095993,-0.479090213776
-0.690148353577,-0.501211106777,-0.451103836298,-0.440875500441,-0.477829188108,-0.397029906511,-0.356666624546,-0.559869706631,0.311132490635,-0.675070643425,-0.627135038376,-0.905200481415,-1.02113854885,-0.344418555498,-0.522184073925,-0.484881728888
-0.697008132935,-0.508225381374,-0.458132922649,-0.447846055031,-0.484829932451,-0.404034465551,-0.363659948111,-0.566659986973,-2.54456853867,-0.681724369526,-0.633601725101,-0.912321805954,-1.02849888802,-0.347962021828,-0.526024162769,-0.4907335639
-0.703892707825,-0.515286266804,-0.465219169855,-0.454897284508,-0.491914957762,-0.411121308804,-0.370737910271,-0.573479294777,-0.863095700741,-0.688376069069,-0.64012748003,-0.919412910938,-1.03580367565,-0.3514277637,-0.52981877327,-0.496644020081
-0.707343816757,-0.518832683563,-0.468782067299,-0.45845118165,-0.495487183332,-0.414693623781,-0.374306708574,-0.57689923048,-0.107931271195,-0.691700875759,-0.643416762352,-0.922946691513,-1.0394346714,-0.353132754564,-0.531700491905,-0.499620556831
-0.714262247086,-0.525953829288,-0.475943535566,-0.465611338615,-0.502686202526,-0.42189142108,-0.381498992443,-0.583757579327,3.00559997559,-0.698347985744,-0.650052547455,-0.929989337921,-1.04665184021,-0.35648971796,-0.535435736179,-0.505614697933
-0.721200942993,-0.533108830452,-0.48314806819,-0.47283616662,-0.509952962399,-0.429154843092,-0.3887591362,-0.590639412403,-1.20068204403,-0.704991042614,-0.656767785549,-0.936997413635,-1.05380809307,-0.359779834747,-0.539137542248,-0.511661708355
-0.728158056736,-0.540292859077,-0.490390241146,-0.480119198561,-0.517280638218,-0.436477035284,-0.396080195904,-0.597542583942,0.386389583349,-0.711628556252,-0.663560330868,-0.943968594074,-1.06090128422,-0.363007515669,-0.542810678482,-0.517758905888
-0.735131382942,-0.547500610352,-0.497664391994,-0.487454295158,-0.524662733078,-0.443851411343,-0.40345543623,-0.604465067387,-2.40051937103,-0.718259036541,-0.670421719551,-0.950900673866,-1.06792998314,-0.366177558899,-0.546460449696,-0.523903369904
-0.742118895054,-0.554727375507,-0.504965007305,-0.494834989309,-0.532092630863,-0.451271355152,-0.410878121853,-0.611404657364,-0.752685248852,-0.724880337715,-0.677337944508,-0.957790970802,-1.07489204407,-0.369294703007,-0.550091803074,-0.530092000961
-0.749118208885,-0.561968147755,-0.512286484241,-0.50225520134,-0.539564013481,-0.458730220795,-0.418341785669,-0.618359386921,1.20080590248,-0.731490075588,-0.684289991856,-0.964636623859,-1.0817861557,-0.372363954782,-0.553709805012,-0.536321341991
-0.756126880646,-0.569217979908,-0.519623577595,-0.509708821774,-0.547070205212,-0.466221660376,-0.425839841366,-0.625326752663,-1.79592943192,-0.738085329533,-0.691255331039,-0.971434831619,-1.08861100674,-0.375390470028,-0.557319700718,-0.542587995529
-0.763141989708,-0.576472342014,-0.526971042156,-0.517190039158,-0.554605185986,-0.473739385605,-0.433366179466,-0.632304370403,-0.240427240729,-0.744663119316,-0.698209524155,-0.978182315826,-1.09536492825,-0.378379285336,-0.560926437378,-0.548888206482
-0.770160734653,-0.583726525307,-0.534323573112,-0.524692833424,-0.562162876129,-0.481277257204,-0.440914452076,-0.639289498329,2.87170314789,-0.751220345497,-0.705127477646,-0.984876513481,-1.10204744339,-0.3813354671,-0.564535439014,-0.555218219757
-0.777180194855,-0.590976059437,-0.541676402092,-0.532211780548,-0.569737255573,-0.488829493523,-0.448478937149,-0.646279573441,-1.23940479755,-0.75775372982,-0.711985528469,-0.991514623165,-1.10865700245,-0.384264588356,-0.568151473999,-0.561574161053
-0.784196972847,-0.598216831684,-0.549024701118,-0.539741396904,-0.577322721481,-0.496390104294,-0.456053674221,-0.653271555901,0.415983200073,-0.764260172844,-0.718762278557,-0.998094141483,-1.115193367,-0.387171924114,-0.571779727936,-0.567951798439
-0.791208028793,-0.605444848537,-0.556364059448,-0.547276198864,-0.584913730621,-0.503953874111,-0.463633328676,-0.660262405872,-2.30820202827,-0.77073687315,-0.725441098213,-1.00461316109,-1.12165558338,-0.390062987804,-0.575424909592,-0.574347257614